{"cameraMode":{"drawMode":0,"name":"Shaded","section":"Shading Mode"},"sceneLighting":true,"audioPlay":false,"sceneViewState":{"showFog":true,"showMaterialUpdate":false,"showSkybox":true,"showFlares":true,"showImageEffects":true,"showParticleSystems":true},"in2DMode":false,"pivot":{"x":3.207805633544922,"y":0.7062432765960693,"z":1.6755505800247193},"rotation":{"x":-0.11704515665769577,"y":0.39271602034568789,"z":-0.05046790838241577,"w":-0.9107848405838013},"size":10.0,"orthographic":false}